Workbook

Sheet Burndown Chart
A1: Burndown Chart - Sprint 2 (Power Guardian Pro MVP) | E1: Horas totales estimadas (input): | F1: 143
A2: Equipo: Cristóbal Mena, Francisco Neira, Fabián Bugueño | Duración: 4 semanas (Semanas 8-11, 28/09/2026 al 23/10/2026) | E2: Duración del sprint en días hábiles (input): | F2: 20
A4: Día | B4: Horas Restantes (Ideal) | C4: Horas Restantes (Real) | D4: Horas Consumidas (Real, diario)
A5: 0 | B5: =$F$1-($F$1/$F$2)*A5 -> 143 | C5: 143 | D5: 0
A6: 1 | B6: =$F$1-($F$1/$F$2)*A6 -> 135.85 | C6: 139 | D6: 4
A7: 2 | B7: =$F$1-($F$1/$F$2)*A7 -> 128.7 | C7: 134 | D7: 5
A8: 3 | B8: =$F$1-($F$1/$F$2)*A8 -> 121.55 | C8: 128 | D8: 6
A9: 4 | B9: =$F$1-($F$1/$F$2)*A9 -> 114.4 | C9: 121 | D9: 7
A10: 5 | B10: =$F$1-($F$1/$F$2)*A10 -> 107.25 | C10: 113 | D10: 8
A11: 6 | B11: =$F$1-($F$1/$F$2)*A11 -> 100.1 | C11: 110 | D11: 3
A12: 7 | B12: =$F$1-($F$1/$F$2)*A12 -> 92.95 | C12: 108 | D12: 2
A13: 8 | B13: =$F$1-($F$1/$F$2)*A13 -> 85.8 | C13: 103 | D13: 5
A14: 9 | B14: =$F$1-($F$1/$F$2)*A14 -> 78.65 | C14: 93 | D14: 10
A15: 10 | B15: =$F$1-($F$1/$F$2)*A15 -> 71.5 | C15: 83 | D15: 10
A16: 11 | B16: =$F$1-($F$1/$F$2)*A16 -> 64.35 | C16: 76 | D16: 7
... A25: 20 | B25: =$F$1-($F$1/$F$2)*A25 -> 0 | C25: 0 | D25: 8

Sheet Datos_grafico
A1: Día | B1: Horas Completadas (Ideal) | C1: Horas Completadas (Real) | E1: Hoja auxiliar del gráfico: horas completadas = horas totales - horas restantes (se calcula desde la hoja principal).
A2: ='Burndown Chart'!A5 -> 0 | B2: ='Burndown Chart'!$F$1-'Burndown Chart'!B5 -> 0 | C2: ='Burndown Chart'!$F$1-'Burndown Chart'!C5 -> 0
A3: ='Burndown Chart'!A6 -> 1 | B3: ='Burndown Chart'!$F$1-'Burndown Chart'!B6 -> 7.15 | C3: ='Burndown Chart'!$F$1-'Burndown Chart'!C6 -> 4
A4: ='Burndown Chart'!A7 -> 2 | B4: ='Burndown Chart'!$F$1-'Burndown Chart'!B7 -> 14.3 | C4: ='Burndown Chart'!$F$1-'Burndown Chart'!C7 -> 9
A5: ='Burndown Chart'!A8 -> 3 | B5: ='Burndown Chart'!$F$1-'Burndown Chart'!B8 -> 21.45 | C5: ='Burndown Chart'!$F$1-'Burndown Chart'!C8 -> 15
A6: ='Burndown Chart'!A9 -> 4 | B6: ='Burndown Chart'!$F$1-'Burndown Chart'!B9 -> 28.6 | C6: ='Burndown Chart'!$F$1-'Burndown Chart'!C9 -> 22
A7: ='Burndown Chart'!A10 -> 5 | B7: ='Burndown Chart'!$F$1-'Burndown Chart'!B10 -> 35.75 | C7: ='Burndown Chart'!$F$1-'Burndown Chart'!C10 -> 30
A8: ='Burndown Chart'!A11 -> 6 | B8: ='Burndown Chart'!$F$1-'Burndown Chart'!B11 -> 42.9 | C8: ='Burndown Chart'!$F$1-'Burndown Chart'!C11 -> 33
A9: ='Burndown Chart'!A12 -> 7 | B9: ='Burndown Chart'!$F$1-'Burndown Chart'!B12 -> 50.05 | C9: ='Burndown Chart'!$F$1-'Burndown Chart'!C12 -> 35
A10: ='Burndown Chart'!A13 -> 8 | B10: ='Burndown Chart'!$F$1-'Burndown Chart'!B13 -> 57.2 | C10: ='Burndown Chart'!$F$1-'Burndown Chart'!C13 -> 40
A11: ='Burndown Chart'!A14 -> 9 | B11: ='Burndown Chart'!$F$1-'Burndown Chart'!B14 -> 64.35 | C11: ='Burndown Chart'!$F$1-'Burndown Chart'!C14 -> 50
A12: ='Burndown Chart'!A15 -> 10 | B12: ='Burndown Chart'!$F$1-'Burndown Chart'!B15 -> 71.5 | C12: ='Burndown Chart'!$F$1-'Burndown Chart'!C15 -> 60
A13: ='Burndown Chart'!A16 -> 11 | B13: ='Burndown Chart'!$F$1-'Burndown Chart'!B16 -> 78.65 | C13: ='Burndown Chart'!$F$1-'Burndown Chart'!C16 -> 67
... A22: ='Burndown Chart'!A25 -> 20 | B22: ='Burndown Chart'!$F$1-'Burndown Chart'!B25 -> 143 | C22: ='Burndown Chart'!$F$1-'Burndown Chart'!C25 -> 143
